cell,pattern,share
human,000000,0.13079941343325058
human,000001,0.0
human,000010,0.0
human,000011,0.0
human,000100,0.0
human,000101,0.0
human,000110,0.0
human,000111,0.0
human,001000,0.0
human,001001,0.0
human,001010,0.0
human,001011,0.0
human,001100,0.0
human,001101,0.0
human,001110,0.0
human,001111,0.0
human,010000,0.0
human,010001,0.0
human,010010,0.0
human,010011,0.0
human,010100,0.0
human,010101,0.0
human,010110,0.0
human,010111,0.0
human,011000,0.0
human,011001,0.0
human,011010,0.0
human,011011,0.0
human,011100,0.0
human,011101,0.0
human,011110,0.0
human,011111,0.0
human,100000,0.007995465295940264
human,100001,0.0020118083017324315
human,100010,0.0
human,100011,0.0
human,100100,0.0009992210397632793
human,100101,0.0
human,100110,0.000998343708687517
human,100111,0.0
human,101000,0.0
human,101001,0.0
human,101010,0.0
human,101011,0.0
human,101100,0.0
human,101101,0.0
human,101110,0.0
human,101111,0.0009992210397632793
human,110000,0.25590639815314514
human,110001,0.004990761217786051
human,110010,0.0
human,110011,0.0
human,110100,0.015988031932445794
human,110101,0.0
human,110110,0.11814618059755722
human,110111,0.2871604841007374
human,111000,0.0
human,111001,0.0
human,111010,0.0
human,111011,0.0
human,111100,0.0010004464913782609
human,111101,0.0
human,111110,0.0050112950078008605
human,111111,0.16799292968001203
luna_thin,000000,0.026918813395528755
luna_thin,000001,0.0
luna_thin,000010,0.0
luna_thin,000011,0.0
luna_thin,000100,0.0
luna_thin,000101,0.0
luna_thin,000110,0.0
luna_thin,000111,0.0
luna_thin,001000,0.0
luna_thin,001001,0.0
luna_thin,001010,0.0
luna_thin,001011,0.0
luna_thin,001100,0.0
luna_thin,001101,0.0
luna_thin,001110,0.0
luna_thin,001111,0.0
luna_thin,010000,0.0
luna_thin,010001,0.0
luna_thin,010010,0.0
luna_thin,010011,0.0
luna_thin,010100,0.0
luna_thin,010101,0.0
luna_thin,010110,0.0
luna_thin,010111,0.0
luna_thin,011000,0.0
luna_thin,011001,0.0
luna_thin,011010,0.0
luna_thin,011011,0.0
luna_thin,011100,0.0
luna_thin,011101,0.0
luna_thin,011110,0.0
luna_thin,011111,0.0
luna_thin,100000,0.0020030899494369583
luna_thin,100001,0.0
luna_thin,100010,0.0
luna_thin,100011,0.0
luna_thin,100100,0.0
luna_thin,100101,0.0
luna_thin,100110,0.0
luna_thin,100111,0.0
luna_thin,101000,0.0
luna_thin,101001,0.0
luna_thin,101010,0.0
luna_thin,101011,0.0
luna_thin,101100,0.0
luna_thin,101101,0.0
luna_thin,101110,0.0
luna_thin,101111,0.0
luna_thin,110000,0.1865693917623143
luna_thin,110001,0.0
luna_thin,110010,0.0
luna_thin,110011,0.0
luna_thin,110100,0.05597139112686563
luna_thin,110101,0.0
luna_thin,110110,0.5297698181661985
luna_thin,110111,0.0009900237714275998
luna_thin,111000,0.0
luna_thin,111001,0.0
luna_thin,111010,0.0
luna_thin,111011,0.0
luna_thin,111100,0.0
luna_thin,111101,0.0
luna_thin,111110,0.03297897919924696
luna_thin,111111,0.16479849262898133
luna_rich,000000,0.03489804429179467
luna_rich,000001,0.0
luna_rich,000010,0.0
luna_rich,000011,0.0
luna_rich,000100,0.0
luna_rich,000101,0.0
luna_rich,000110,0.0
luna_rich,000111,0.0
luna_rich,001000,0.0
luna_rich,001001,0.0
luna_rich,001010,0.0
luna_rich,001011,0.0
luna_rich,001100,0.0
luna_rich,001101,0.0
luna_rich,001110,0.0
luna_rich,001111,0.0
luna_rich,010000,0.0
luna_rich,010001,0.0
luna_rich,010010,0.0
luna_rich,010011,0.0
luna_rich,010100,0.0
luna_rich,010101,0.0
luna_rich,010110,0.0
luna_rich,010111,0.0
luna_rich,011000,0.0
luna_rich,011001,0.0
luna_rich,011010,0.0
luna_rich,011011,0.0
luna_rich,011100,0.0
luna_rich,011101,0.0
luna_rich,011110,0.0
luna_rich,011111,0.0
luna_rich,100000,0.0009971857985707434
luna_rich,100001,0.0
luna_rich,100010,0.0
luna_rich,100011,0.0
luna_rich,100100,0.0
luna_rich,100101,0.0
luna_rich,100110,0.0
luna_rich,100111,0.0
luna_rich,101000,0.0
luna_rich,101001,0.0
luna_rich,101010,0.0
luna_rich,101011,0.0
luna_rich,101100,0.0
luna_rich,101101,0.0
luna_rich,101110,0.0
luna_rich,101111,0.0
luna_rich,110000,0.12872264522322577
luna_rich,110001,0.0
luna_rich,110010,0.0
luna_rich,110011,0.0
luna_rich,110100,0.0059958847179416574
luna_rich,110101,0.0
luna_rich,110110,0.5845320535925197
luna_rich,110111,0.0
luna_rich,111000,0.0
luna_rich,111001,0.0
luna_rich,111010,0.0
luna_rich,111011,0.0
luna_rich,111100,0.0
luna_rich,111101,0.0
luna_rich,111110,0.08704724225539792
luna_rich,111111,0.15780694412054944
claude_thin,000000,0.10377918305089501
claude_thin,000001,0.0
claude_thin,000010,0.0
claude_thin,000011,0.0
claude_thin,000100,0.0
claude_thin,000101,0.0
claude_thin,000110,0.0
claude_thin,000111,0.0
claude_thin,001000,0.0
claude_thin,001001,0.0
claude_thin,001010,0.0
claude_thin,001011,0.0
claude_thin,001100,0.0
claude_thin,001101,0.0
claude_thin,001110,0.0
claude_thin,001111,0.0
claude_thin,010000,0.0
claude_thin,010001,0.0
claude_thin,010010,0.0
claude_thin,010011,0.0
claude_thin,010100,0.0
claude_thin,010101,0.0
claude_thin,010110,0.0
claude_thin,010111,0.0
claude_thin,011000,0.0
claude_thin,011001,0.0
claude_thin,011010,0.0
claude_thin,011011,0.0
claude_thin,011100,0.0
claude_thin,011101,0.0
claude_thin,011110,0.0
claude_thin,011111,0.0
claude_thin,100000,0.0
claude_thin,100001,0.0
claude_thin,100010,0.0
claude_thin,100011,0.0
claude_thin,100100,0.0
claude_thin,100101,0.0
claude_thin,100110,0.0
claude_thin,100111,0.0
claude_thin,101000,0.0
claude_thin,101001,0.0
claude_thin,101010,0.0
claude_thin,101011,0.0
claude_thin,101100,0.0
claude_thin,101101,0.0
claude_thin,101110,0.0
claude_thin,101111,0.0
claude_thin,110000,0.21972805594375433
claude_thin,110001,0.0
claude_thin,110010,0.0
claude_thin,110011,0.0
claude_thin,110100,0.0
claude_thin,110101,0.0
claude_thin,110110,0.5048970252076126
claude_thin,110111,0.0
claude_thin,111000,0.0
claude_thin,111001,0.0
claude_thin,111010,0.0
claude_thin,111011,0.0
claude_thin,111100,0.0
claude_thin,111101,0.0
claude_thin,111110,0.0
claude_thin,111111,0.17159573579773812
claude_rich,000000,0.19565701576670702
claude_rich,000001,0.0
claude_rich,000010,0.0
claude_rich,000011,0.0
claude_rich,000100,0.0
claude_rich,000101,0.0
claude_rich,000110,0.0
claude_rich,000111,0.0
claude_rich,001000,0.0
claude_rich,001001,0.0
claude_rich,001010,0.0
claude_rich,001011,0.0
claude_rich,001100,0.0
claude_rich,001101,0.0
claude_rich,001110,0.0
claude_rich,001111,0.0
claude_rich,010000,0.0
claude_rich,010001,0.0
claude_rich,010010,0.0
claude_rich,010011,0.0
claude_rich,010100,0.0
claude_rich,010101,0.0
claude_rich,010110,0.0
claude_rich,010111,0.0
claude_rich,011000,0.0
claude_rich,011001,0.0
claude_rich,011010,0.0
claude_rich,011011,0.0
claude_rich,011100,0.0
claude_rich,011101,0.0
claude_rich,011110,0.0
claude_rich,011111,0.0
claude_rich,100000,0.00399837274852003
claude_rich,100001,0.0
claude_rich,100010,0.0
claude_rich,100011,0.0
claude_rich,100100,0.0
claude_rich,100101,0.0
claude_rich,100110,0.0
claude_rich,100111,0.0
claude_rich,101000,0.0
claude_rich,101001,0.0
claude_rich,101010,0.0
claude_rich,101011,0.0
claude_rich,101100,0.0
claude_rich,101101,0.0
claude_rich,101110,0.0
claude_rich,101111,0.0
claude_rich,110000,0.21212120364740125
claude_rich,110001,0.0
claude_rich,110010,0.0
claude_rich,110011,0.0
claude_rich,110100,0.0
claude_rich,110101,0.0
claude_rich,110110,0.41251386570254317
claude_rich,110111,0.0
claude_rich,111000,0.0
claude_rich,111001,0.0
claude_rich,111010,0.0
claude_rich,111011,0.0
claude_rich,111100,0.0
claude_rich,111101,0.0
claude_rich,111110,0.003994862117213078
claude_rich,111111,0.17171468001761558
qwen_off,000000,0.06286878132030736
qwen_off,000001,0.0
qwen_off,000010,0.0
qwen_off,000011,0.0
qwen_off,000100,0.0
qwen_off,000101,0.0
qwen_off,000110,0.0
qwen_off,000111,0.0
qwen_off,001000,0.0
qwen_off,001001,0.0
qwen_off,001010,0.0
qwen_off,001011,0.0
qwen_off,001100,0.0
qwen_off,001101,0.0
qwen_off,001110,0.0
qwen_off,001111,0.0
qwen_off,010000,0.0
qwen_off,010001,0.0
qwen_off,010010,0.0
qwen_off,010011,0.0
qwen_off,010100,0.0
qwen_off,010101,0.0
qwen_off,010110,0.0
qwen_off,010111,0.0
qwen_off,011000,0.0
qwen_off,011001,0.0
qwen_off,011010,0.0
qwen_off,011011,0.0
qwen_off,011100,0.0
qwen_off,011101,0.0
qwen_off,011110,0.0
qwen_off,011111,0.0
qwen_off,100000,0.0
qwen_off,100001,0.0
qwen_off,100010,0.0
qwen_off,100011,0.0
qwen_off,100100,0.0
qwen_off,100101,0.0
qwen_off,100110,0.0
qwen_off,100111,0.0
qwen_off,101000,0.0
qwen_off,101001,0.0
qwen_off,101010,0.0
qwen_off,101011,0.0
qwen_off,101100,0.0
qwen_off,101101,0.0
qwen_off,101110,0.0
qwen_off,101111,0.0
qwen_off,110000,0.44175228761053587
qwen_off,110001,0.0
qwen_off,110010,0.0
qwen_off,110011,0.0
qwen_off,110100,0.0
qwen_off,110101,0.0
qwen_off,110110,0.2665188333806258
qwen_off,110111,0.0
qwen_off,111000,0.0
qwen_off,111001,0.0
qwen_off,111010,0.0
qwen_off,111011,0.0
qwen_off,111100,0.0
qwen_off,111101,0.0
qwen_off,111110,0.06598655704643362
qwen_off,111111,0.1628735406420972
qwen_low,000000,0.04491523517043382
qwen_low,000001,0.0
qwen_low,000010,0.0
qwen_low,000011,0.0
qwen_low,000100,0.0
qwen_low,000101,0.0
qwen_low,000110,0.0
qwen_low,000111,0.0
qwen_low,001000,0.0
qwen_low,001001,0.0
qwen_low,001010,0.0
qwen_low,001011,0.0
qwen_low,001100,0.0
qwen_low,001101,0.0
qwen_low,001110,0.0
qwen_low,001111,0.0
qwen_low,010000,0.0
qwen_low,010001,0.0
qwen_low,010010,0.0
qwen_low,010011,0.0
qwen_low,010100,0.0
qwen_low,010101,0.0
qwen_low,010110,0.0
qwen_low,010111,0.0
qwen_low,011000,0.0
qwen_low,011001,0.0
qwen_low,011010,0.0
qwen_low,011011,0.0
qwen_low,011100,0.0
qwen_low,011101,0.0
qwen_low,011110,0.0
qwen_low,011111,0.0
qwen_low,100000,0.007991481211665367
qwen_low,100001,0.0
qwen_low,100010,0.0
qwen_low,100011,0.0
qwen_low,100100,0.0
qwen_low,100101,0.0
qwen_low,100110,0.0
qwen_low,100111,0.0
qwen_low,101000,0.0
qwen_low,101001,0.0
qwen_low,101010,0.0
qwen_low,101011,0.0
qwen_low,101100,0.0
qwen_low,101101,0.0
qwen_low,101110,0.0
qwen_low,101111,0.0
qwen_low,110000,0.5338922778569551
qwen_low,110001,0.0
qwen_low,110010,0.0
qwen_low,110011,0.0
qwen_low,110100,0.0
qwen_low,110101,0.0
qwen_low,110110,0.18232118676265663
qwen_low,110111,0.0039797150739967375
qwen_low,111000,0.0
qwen_low,111001,0.0
qwen_low,111010,0.0
qwen_low,111011,0.0
qwen_low,111100,0.0
qwen_low,111101,0.0
qwen_low,111110,0.07614370740792678
qwen_low,111111,0.15075639651636552
qwen_medium,000000,0.03891661505078235
qwen_medium,000001,0.0
qwen_medium,000010,0.0
qwen_medium,000011,0.0
qwen_medium,000100,0.0
qwen_medium,000101,0.0
qwen_medium,000110,0.0
qwen_medium,000111,0.0
qwen_medium,001000,0.0
qwen_medium,001001,0.0
qwen_medium,001010,0.0
qwen_medium,001011,0.0
qwen_medium,001100,0.0
qwen_medium,001101,0.0
qwen_medium,001110,0.0
qwen_medium,001111,0.0
qwen_medium,010000,0.0
qwen_medium,010001,0.0
qwen_medium,010010,0.0
qwen_medium,010011,0.0
qwen_medium,010100,0.0
qwen_medium,010101,0.0
qwen_medium,010110,0.0
qwen_medium,010111,0.0
qwen_medium,011000,0.0
qwen_medium,011001,0.0
qwen_medium,011010,0.0
qwen_medium,011011,0.0
qwen_medium,011100,0.0
qwen_medium,011101,0.0
qwen_medium,011110,0.0
qwen_medium,011111,0.0
qwen_medium,100000,0.007001206681423163
qwen_medium,100001,0.0
qwen_medium,100010,0.0
qwen_medium,100011,0.0
qwen_medium,100100,0.0
qwen_medium,100101,0.0
qwen_medium,100110,0.0
qwen_medium,100111,0.0
qwen_medium,101000,0.0
qwen_medium,101001,0.0
qwen_medium,101010,0.0
qwen_medium,101011,0.0
qwen_medium,101100,0.0
qwen_medium,101101,0.0
qwen_medium,101110,0.0
qwen_medium,101111,0.0
qwen_medium,110000,0.541888866553841
qwen_medium,110001,0.0
qwen_medium,110010,0.0
qwen_medium,110011,0.0
qwen_medium,110100,0.003002523276726847
qwen_medium,110101,0.0
qwen_medium,110110,0.17523159938599775
qwen_medium,110111,0.0010004464913782596
qwen_medium,111000,0.0
qwen_medium,111001,0.0
qwen_medium,111010,0.0
qwen_medium,111011,0.0
qwen_medium,111100,0.0
qwen_medium,111101,0.0
qwen_medium,111110,0.07916887069265792
qwen_medium,111111,0.15378987186719245
deepseek_thin_off,000000,0.0049819886043075065
deepseek_thin_off,000001,0.0
deepseek_thin_off,000010,0.0
deepseek_thin_off,000011,0.0
deepseek_thin_off,000100,0.0
deepseek_thin_off,000101,0.0
deepseek_thin_off,000110,0.0
deepseek_thin_off,000111,0.0
deepseek_thin_off,001000,0.0
deepseek_thin_off,001001,0.0
deepseek_thin_off,001010,0.0
deepseek_thin_off,001011,0.0
deepseek_thin_off,001100,0.0
deepseek_thin_off,001101,0.0
deepseek_thin_off,001110,0.0
deepseek_thin_off,001111,0.0
deepseek_thin_off,010000,0.0
deepseek_thin_off,010001,0.0
deepseek_thin_off,010010,0.0
deepseek_thin_off,010011,0.0
deepseek_thin_off,010100,0.0
deepseek_thin_off,010101,0.0
deepseek_thin_off,010110,0.0
deepseek_thin_off,010111,0.0
deepseek_thin_off,011000,0.0
deepseek_thin_off,011001,0.0
deepseek_thin_off,011010,0.0
deepseek_thin_off,011011,0.0
deepseek_thin_off,011100,0.0
deepseek_thin_off,011101,0.0
deepseek_thin_off,011110,0.0
deepseek_thin_off,011111,0.0
deepseek_thin_off,100000,0.0
deepseek_thin_off,100001,0.0
deepseek_thin_off,100010,0.0
deepseek_thin_off,100011,0.0
deepseek_thin_off,100100,0.0
deepseek_thin_off,100101,0.0
deepseek_thin_off,100110,0.0
deepseek_thin_off,100111,0.0
deepseek_thin_off,101000,0.0
deepseek_thin_off,101001,0.0
deepseek_thin_off,101010,0.0
deepseek_thin_off,101011,0.0
deepseek_thin_off,101100,0.0
deepseek_thin_off,101101,0.0
deepseek_thin_off,101110,0.0
deepseek_thin_off,101111,0.0
deepseek_thin_off,110000,0.03989375326601288
deepseek_thin_off,110001,0.0
deepseek_thin_off,110010,0.0009991370846805035
deepseek_thin_off,110011,0.0
deepseek_thin_off,110100,0.0
deepseek_thin_off,110101,0.0
deepseek_thin_off,110110,0.6050028021768795
deepseek_thin_off,110111,0.005988003801349511
deepseek_thin_off,111000,0.0
deepseek_thin_off,111001,0.0
deepseek_thin_off,111010,0.0
deepseek_thin_off,111011,0.0
deepseek_thin_off,111100,0.0
deepseek_thin_off,111101,0.0
deepseek_thin_off,111110,0.00498535250957279
deepseek_thin_off,111111,0.3381489625571973
deepseek_thin_high,000000,0.05392947907843232
deepseek_thin_high,000001,0.0
deepseek_thin_high,000010,0.0
deepseek_thin_high,000011,0.0
deepseek_thin_high,000100,0.0
deepseek_thin_high,000101,0.0
deepseek_thin_high,000110,0.0
deepseek_thin_high,000111,0.0
deepseek_thin_high,001000,0.0
deepseek_thin_high,001001,0.0
deepseek_thin_high,001010,0.0
deepseek_thin_high,001011,0.0
deepseek_thin_high,001100,0.0
deepseek_thin_high,001101,0.0
deepseek_thin_high,001110,0.0
deepseek_thin_high,001111,0.0
deepseek_thin_high,010000,0.0
deepseek_thin_high,010001,0.0
deepseek_thin_high,010010,0.0
deepseek_thin_high,010011,0.0
deepseek_thin_high,010100,0.0
deepseek_thin_high,010101,0.0
deepseek_thin_high,010110,0.0009973980860973556
deepseek_thin_high,010111,0.0
deepseek_thin_high,011000,0.0
deepseek_thin_high,011001,0.0
deepseek_thin_high,011010,0.0
deepseek_thin_high,011011,0.0
deepseek_thin_high,011100,0.0
deepseek_thin_high,011101,0.0
deepseek_thin_high,011110,0.0
deepseek_thin_high,011111,0.0
deepseek_thin_high,100000,0.0
deepseek_thin_high,100001,0.0
deepseek_thin_high,100010,0.0
deepseek_thin_high,100011,0.0
deepseek_thin_high,100100,0.0
deepseek_thin_high,100101,0.0
deepseek_thin_high,100110,0.0
deepseek_thin_high,100111,0.0
deepseek_thin_high,101000,0.0
deepseek_thin_high,101001,0.0
deepseek_thin_high,101010,0.0
deepseek_thin_high,101011,0.0
deepseek_thin_high,101100,0.0
deepseek_thin_high,101101,0.0
deepseek_thin_high,101110,0.0
deepseek_thin_high,101111,0.0
deepseek_thin_high,110000,0.24249392452722765
deepseek_thin_high,110001,0.0
deepseek_thin_high,110010,0.0
deepseek_thin_high,110011,0.0
deepseek_thin_high,110100,0.0
deepseek_thin_high,110101,0.0
deepseek_thin_high,110110,0.3183409953706311
deepseek_thin_high,110111,0.12732921718617873
deepseek_thin_high,111000,0.0
deepseek_thin_high,111001,0.0
deepseek_thin_high,111010,0.0
deepseek_thin_high,111011,0.0
deepseek_thin_high,111100,0.0
deepseek_thin_high,111101,0.0
deepseek_thin_high,111110,0.005006120988826019
deepseek_thin_high,111111,0.2519028647626068
deepseek_rich_off,000000,0.007982438578882667
deepseek_rich_off,000001,0.0
deepseek_rich_off,000010,0.0
deepseek_rich_off,000011,0.0
deepseek_rich_off,000100,0.0
deepseek_rich_off,000101,0.0
deepseek_rich_off,000110,0.0
deepseek_rich_off,000111,0.0
deepseek_rich_off,001000,0.0
deepseek_rich_off,001001,0.0
deepseek_rich_off,001010,0.0
deepseek_rich_off,001011,0.0
deepseek_rich_off,001100,0.0
deepseek_rich_off,001101,0.0
deepseek_rich_off,001110,0.0
deepseek_rich_off,001111,0.0
deepseek_rich_off,010000,0.0
deepseek_rich_off,010001,0.0
deepseek_rich_off,010010,0.0
deepseek_rich_off,010011,0.0
deepseek_rich_off,010100,0.0
deepseek_rich_off,010101,0.0
deepseek_rich_off,010110,0.0
deepseek_rich_off,010111,0.0
deepseek_rich_off,011000,0.0
deepseek_rich_off,011001,0.0
deepseek_rich_off,011010,0.0
deepseek_rich_off,011011,0.0
deepseek_rich_off,011100,0.0
deepseek_rich_off,011101,0.0
deepseek_rich_off,011110,0.0
deepseek_rich_off,011111,0.0
deepseek_rich_off,100000,0.0
deepseek_rich_off,100001,0.0
deepseek_rich_off,100010,0.0
deepseek_rich_off,100011,0.0
deepseek_rich_off,100100,0.0
deepseek_rich_off,100101,0.0
deepseek_rich_off,100110,0.0
deepseek_rich_off,100111,0.0
deepseek_rich_off,101000,0.0
deepseek_rich_off,101001,0.0
deepseek_rich_off,101010,0.0
deepseek_rich_off,101011,0.0
deepseek_rich_off,101100,0.0
deepseek_rich_off,101101,0.0
deepseek_rich_off,101110,0.0
deepseek_rich_off,101111,0.0
deepseek_rich_off,110000,0.06889141781948806
deepseek_rich_off,110001,0.0
deepseek_rich_off,110010,0.0
deepseek_rich_off,110011,0.0
deepseek_rich_off,110100,0.0
deepseek_rich_off,110101,0.0
deepseek_rich_off,110110,0.6670632454115303
deepseek_rich_off,110111,0.006020023161823876
deepseek_rich_off,111000,0.0
deepseek_rich_off,111001,0.0
deepseek_rich_off,111010,0.0
deepseek_rich_off,111011,0.0
deepseek_rich_off,111100,0.0
deepseek_rich_off,111101,0.0
deepseek_rich_off,111110,0.008021671600692738
deepseek_rich_off,111111,0.24202120342758235
deepseek_rich_high,000000,0.13887472266625836
deepseek_rich_high,000001,0.0
deepseek_rich_high,000010,0.0
deepseek_rich_high,000011,0.0
deepseek_rich_high,000100,0.0
deepseek_rich_high,000101,0.0
deepseek_rich_high,000110,0.0
deepseek_rich_high,000111,0.0
deepseek_rich_high,001000,0.0
deepseek_rich_high,001001,0.0
deepseek_rich_high,001010,0.0
deepseek_rich_high,001011,0.0
deepseek_rich_high,001100,0.0
deepseek_rich_high,001101,0.0
deepseek_rich_high,001110,0.0
deepseek_rich_high,001111,0.0
deepseek_rich_high,010000,0.0
deepseek_rich_high,010001,0.0
deepseek_rich_high,010010,0.0
deepseek_rich_high,010011,0.0
deepseek_rich_high,010100,0.0
deepseek_rich_high,010101,0.0
deepseek_rich_high,010110,0.0
deepseek_rich_high,010111,0.0
deepseek_rich_high,011000,0.0
deepseek_rich_high,011001,0.0
deepseek_rich_high,011010,0.0
deepseek_rich_high,011011,0.0
deepseek_rich_high,011100,0.0
deepseek_rich_high,011101,0.0
deepseek_rich_high,011110,0.0
deepseek_rich_high,011111,0.0
deepseek_rich_high,100000,0.003009487322538942
deepseek_rich_high,100001,0.0
deepseek_rich_high,100010,0.0
deepseek_rich_high,100011,0.0
deepseek_rich_high,100100,0.0
deepseek_rich_high,100101,0.0
deepseek_rich_high,100110,0.0
deepseek_rich_high,100111,0.0
deepseek_rich_high,101000,0.0
deepseek_rich_high,101001,0.0
deepseek_rich_high,101010,0.0
deepseek_rich_high,101011,0.0
deepseek_rich_high,101100,0.0
deepseek_rich_high,101101,0.0
deepseek_rich_high,101110,0.0
deepseek_rich_high,101111,0.0
deepseek_rich_high,110000,0.2908182844146193
deepseek_rich_high,110001,0.0
deepseek_rich_high,110010,0.0
deepseek_rich_high,110011,0.0
deepseek_rich_high,110100,0.0
deepseek_rich_high,110101,0.0
deepseek_rich_high,110110,0.2583790292113439
deepseek_rich_high,110111,0.13015496822681125
deepseek_rich_high,111000,0.0
deepseek_rich_high,111001,0.0
deepseek_rich_high,111010,0.0
deepseek_rich_high,111011,0.0
deepseek_rich_high,111100,0.0
deepseek_rich_high,111101,0.0
deepseek_rich_high,111110,0.003998490194090209
deepseek_rich_high,111111,0.1747650179643379
