cell,subgroup,level,n,individual_brier,probability_prevalence_mae,hard_prevalence_mae,hard_accuracy
luna_thin,age_group,25-34,223,0.17094675816626545,0.14774127893516809,0.13147817984568985,0.7758692386365348
luna_thin,age_group,45-59,209,0.1656664361927935,0.10196319924286851,0.1787931711709884,0.7384415158823577
luna_thin,age_group,15-24,238,0.1707021175387881,0.1962887387213589,0.13642407475806648,0.7981369523417262
luna_thin,age_group,60+,140,0.15014722421250867,0.09029684500604007,0.14173808368790666,0.7916069931373628
luna_thin,age_group,35-44,190,0.1842726464245865,0.13055818571355995,0.17024559507779982,0.7508756317480146
luna_thin,gender_binary,female,491,0.17720657216536997,0.08740519500711859,0.1596466422204196,0.7548377255450911
luna_thin,gender_binary,male,509,0.16188035680208565,0.12777203197886378,0.13195108440009853,0.7861924634247508
luna_thin,sector,rural,695,0.1768604794901619,0.12049724225977838,0.17729893396469135,0.769045722058921
luna_thin,sector,urban,305,0.15243206727990363,0.1038166754536131,0.16296223802503332,0.7747599428918559
luna_rich,age_group,25-34,223,0.14620771633540924,0.09714583580175103,0.14940241521179273,0.8057193111474459
luna_rich,age_group,45-59,209,0.16986863402406588,0.14256016926904463,0.24019024989148852,0.7327378743245206
luna_rich,age_group,15-24,238,0.14004147444874784,0.14295539702953963,0.13803826453504414,0.8114548024126882
luna_rich,age_group,60+,140,0.1310397345115402,0.10452707177235333,0.17504183932461684,0.7701951862035287
luna_rich,age_group,35-44,190,0.16296870198893829,0.11678721792128194,0.19302749367987584,0.771896798060901
luna_rich,gender_binary,female,491,0.15681673784480432,0.09415414744222382,0.19258131491404173,0.7646909560475481
luna_rich,gender_binary,male,509,0.144892909362684,0.10036285650222528,0.16299213504626964,0.7956844245209002
luna_rich,sector,rural,695,0.15280482759128908,0.0878438053158745,0.1932769620408417,0.7760296975881246
luna_rich,sector,urban,305,0.14607041653809164,0.1210684295157999,0.18212499445456956,0.7905487104581475
claude_thin,age_group,25-34,51,0.1615712558790078,0.07452721874605121,0.14039117306894636,0.761536113608218
claude_thin,age_group,45-59,50,0.14989332877316425,0.1279575778732691,0.14671218048129506,0.7599287764826368
claude_thin,age_group,15-24,54,0.16601165908616625,0.159170826443358,0.15143159683138604,0.7746239984085039
claude_thin,age_group,60+,44,0.13495487107429235,0.07464907971410524,0.06438218933833476,0.8143943906503823
claude_thin,age_group,35-44,51,0.17482689220285044,0.10940969787302944,0.09799070250301989,0.7254968893388554
claude_thin,gender_binary,female,131,0.16762971772706053,0.0800224415718286,0.08545777457188065,0.7619995509794119
claude_thin,gender_binary,male,119,0.14784710482523178,0.09814340535518595,0.15959021616205485,0.7703555014163619
claude_thin,sector,rural,167,0.15496880128684248,0.08250914786387,0.13982407412503356,0.7764562919495095
claude_thin,sector,urban,83,0.16475111176872526,0.08524826690453768,0.14256129516418659,0.7448828835745165
claude_rich,age_group,25-34,51,0.15018891565845313,0.12622431517599225,0.06209391045206349,0.8007268273751574
claude_rich,age_group,45-59,50,0.1404538418853528,0.13659599273353165,0.08671746821719155,0.7933339743678578
claude_rich,age_group,15-24,54,0.14419868221879412,0.1680236137836005,0.1173842315465737,0.8023047930409224
claude_rich,age_group,60+,44,0.11246598058497762,0.07787378372670742,0.09476448243037583,0.8446837008359345
claude_rich,age_group,35-44,51,0.16650654915343685,0.13681747573610237,0.06859845162282112,0.7744372116542557
claude_rich,gender_binary,female,131,0.15120213301067686,0.11957544810245345,0.08385345597800964,0.7989045946814604
claude_rich,gender_binary,male,119,0.13533202714066742,0.09858287201851434,0.12748072734448626,0.8053076010384189
claude_rich,sector,rural,167,0.1500499710941962,0.1097505842855747,0.0798921522711618,0.792344790354908
claude_rich,sector,urban,83,0.13076994324779695,0.08026006702132472,0.09834942103433374,0.8212860315410525
qwen_off,age_group,25-34,223,0.1860905254810745,0.1518737928293661,0.11504555919844572,0.7833239699818219
qwen_off,age_group,45-59,209,0.17282651695333115,0.08838669847331242,0.11219370208994713,0.7870125836018266
qwen_off,age_group,15-24,238,0.18030366916137988,0.16695824823819905,0.10410452967579581,0.7896458094282589
qwen_off,age_group,60+,140,0.1346489601025182,0.06764092155911866,0.09764521562538679,0.830888154280559
qwen_off,age_group,35-44,190,0.2034798229231849,0.1703806652866721,0.16144300805902911,0.7613337890008279
qwen_off,gender_binary,female,491,0.18203921427751035,0.11199735129006937,0.11741469270327472,0.7798977309944625
qwen_off,gender_binary,male,509,0.17422628194187745,0.13332764880750939,0.11294656046283284,0.7959468673245611
qwen_off,sector,rural,695,0.18979053115846697,0.14472015632696403,0.16168839107801256,0.7792811853276895
qwen_off,sector,urban,305,0.15134498368025714,0.08897508764513556,0.12954032441856764,0.808071565242696
qwen_low,age_group,25-34,223,0.17984001046799583,0.19124161262315045,0.159123771975632,0.7691152760943128
qwen_low,age_group,45-59,209,0.15112296595296076,0.06593179960237622,0.12187777776575942,0.783825136992899
qwen_low,age_group,15-24,238,0.18116601055052906,0.21447490424843382,0.16066333695156929,0.7580171151987115
qwen_low,age_group,60+,140,0.12347913758281887,0.055859690402768815,0.12980307841692518,0.8249498324465803
qwen_low,age_group,35-44,190,0.18362656111975287,0.17158965325870382,0.16581426855877113,0.7569477609846995
qwen_low,gender_binary,female,491,0.16757460753576361,0.11577769664947814,0.14258650409484905,0.773132128172648
qwen_low,gender_binary,male,509,0.16645839130292303,0.1576013889076249,0.15365339446137746,0.7768816170445854
qwen_low,sector,rural,695,0.18036806302184477,0.15771187446893178,0.1907584892321419,0.758879805663854
qwen_low,sector,urban,305,0.13656065209457008,0.09035107154398019,0.10282838246350239,0.8118625022772737
qwen_medium,age_group,25-34,223,0.1803419999317536,0.188924599643755,0.1695769708903965,0.7556562191532092
qwen_medium,age_group,45-59,209,0.15123530378828293,0.06503626231568621,0.12422084727569153,0.7797930848775054
qwen_medium,age_group,15-24,238,0.17911217451638206,0.21386929024438248,0.16274313274569382,0.7503177794631358
qwen_medium,age_group,60+,140,0.11924937963529911,0.049130670479031684,0.11906098544837584,0.8285214207880858
qwen_medium,age_group,35-44,190,0.17739862190713404,0.16614358107530272,0.17374534267102115,0.7595656777261168
qwen_medium,gender_binary,female,491,0.17050968049532808,0.11709244725745971,0.15108813070148425,0.7639385884461584
qwen_medium,gender_binary,male,509,0.1594518778866451,0.14855116901390375,0.15330935425625794,0.7765269232089933
qwen_medium,sector,rural,695,0.1788704696392534,0.15365944183226654,0.20251495407503106,0.7514138218858545
qwen_medium,sector,urban,305,0.13301442384363063,0.0861665303238106,0.11320545072897688,0.8134750420638763
deepseek_thin_off,age_group,25-34,223,0.19092369104499723,0.10024297371969498,0.15014756885814448,0.7751296116771212
deepseek_thin_off,age_group,45-59,209,0.28661007498806196,0.2754637408496523,0.3488729827765762,0.6161379095922268
deepseek_thin_off,age_group,15-24,238,0.16647517618648694,0.10227159670570356,0.12125059313880138,0.8030359303278302
deepseek_thin_off,age_group,60+,140,0.26735245421472353,0.2983540780218641,0.36671708915052253,0.5999459713896284
deepseek_thin_off,age_group,35-44,190,0.2336949922566721,0.13712424552726368,0.20353855547082067,0.7157225976581205
deepseek_thin_off,gender_binary,female,491,0.25706047398385934,0.17674951817950604,0.25214118513414846,0.6662382907665968
deepseek_thin_off,gender_binary,male,509,0.1918646191152929,0.11590049698490872,0.1766530479113333,0.7577954768235755
deepseek_thin_off,sector,rural,695,0.21485773229591534,0.13799180330951308,0.2482651461223934,0.7109359649786567
deepseek_thin_off,sector,urban,305,0.24448449431936564,0.2273143924104973,0.27200192117633715,0.7170981206770962
deepseek_thin_high,age_group,25-34,223,0.19393136527474786,0.062351949051737944,0.07320589531969697,0.7639382613597588
deepseek_thin_high,age_group,45-59,209,0.2139775444243968,0.11978080882286568,0.13211195542008192,0.7245978756083375
deepseek_thin_high,age_group,15-24,238,0.15395506245605417,0.07500964351688201,0.06137210999445439,0.8072642502780958
deepseek_thin_high,age_group,60+,140,0.1643137828040645,0.09721100745749976,0.11315051422032583,0.7939858385076783
deepseek_thin_high,age_group,35-44,190,0.21501987971047667,0.08657707915497076,0.1184890081268248,0.7323862280265039
deepseek_thin_high,gender_binary,female,491,0.21527140400238012,0.07776688219311083,0.1022518329814321,0.7346528432561293
deepseek_thin_high,gender_binary,male,509,0.16264638304117016,0.06361042965583318,0.08476104654514612,0.7927504710250136
deepseek_thin_high,sector,rural,695,0.1787035182170315,0.04152956277613112,0.10601759905906434,0.7711767876390114
deepseek_thin_high,sector,urban,305,0.2108227367582468,0.17141921488781486,0.21343039992622495,0.7483295941395915
deepseek_rich_off,age_group,25-34,223,0.17026134340245194,0.0860919220834474,0.13968957708737928,0.785542305530071
deepseek_rich_off,age_group,45-59,209,0.2579159336084777,0.24444426988644222,0.2999472452635637,0.6538605642241263
deepseek_rich_off,age_group,15-24,238,0.16521152484914256,0.12283430284262646,0.14389778053291694,0.8030415840506259
deepseek_rich_off,age_group,60+,140,0.2631470252703958,0.2985085537949998,0.35239428096777464,0.6261593968654524
deepseek_rich_off,age_group,35-44,190,0.19409503588081756,0.1304629867696278,0.19739887167382494,0.7499788425688161
deepseek_rich_off,gender_binary,female,491,0.2290784079231444,0.15681955640004974,0.2379013096170163,0.6968840377622473
deepseek_rich_off,gender_binary,male,509,0.18147578859870858,0.10654187315274248,0.16878389756001952,0.7682548325041805
deepseek_rich_off,sector,rural,695,0.21263268627520848,0.13302395657100144,0.23772666392582575,0.7185952473684608
deepseek_rich_off,sector,urban,305,0.18715482931164443,0.11748352217572834,0.17354571589234716,0.7664530434286951
deepseek_rich_high,age_group,25-34,223,0.19387879035099392,0.11812522046522522,0.0821642327811994,0.7624236912448819
deepseek_rich_high,age_group,45-59,209,0.19559702604455678,0.07095614072937373,0.07514049662512966,0.7717897218362174
deepseek_rich_high,age_group,15-24,238,0.18710296114678596,0.13984736692079605,0.10973214425685211,0.7755864129374214
deepseek_rich_high,age_group,60+,140,0.14721726016996603,0.029504594657253063,0.04405588562946161,0.8297205576514388
deepseek_rich_high,age_group,35-44,190,0.19801214584513874,0.07693419401645375,0.050004689696500515,0.7623135060984495
deepseek_rich_high,gender_binary,female,491,0.20184457149625856,0.07919210152047416,0.056335469993123576,0.7601361775509424
deepseek_rich_high,gender_binary,male,509,0.17247268224850584,0.06086870649613918,0.03198295737861059,0.7930388490836777
deepseek_rich_high,sector,rural,695,0.19721430011741503,0.0973571445160567,0.09707755206635095,0.7658478898010517
deepseek_rich_high,sector,urban,305,0.1634050563952538,0.07749561129646326,0.10938308898514171,0.8020005532064485
